Country,Government,Household,Foreign Aid,N,gini
Angola,0.75,0,0.000003,0.750003,43.9
Botswana,2.45,0,0,2.45,52.0
Burkina Faso,2.81,0.59,0.000057,3.400057,38.5
Cameroon,1.1,0.63,0.000005,1.730005,30.9
CAR,0.66,0,0.000007,0.660007,41.5
Cote d'Ivoire,1.72,0.72,0.000003,2.440003,35.2
Ethiopia,1.34,0,0.000024,1.340024,30.0
Gambia,1.4,1.2,0.000024,2.600024,26.9
Ghana,2.29,0,0.000035,2.290035,28.0
Guinea,1.22,0,0.000033,1.220033,30.1
Guinea-Bissau,1.12,1.12,0.000066,2.240066,24.2
Kenya,3.82,0,0.000011,3.820011,31.6
Lesotho,5.83,0,0.000021,5.830021,31.4
Madagascar,1.57,0.86,0.000016,2.430016,38.9
Malawi,2.5,0.53,0.000073,3.030073,44.9
Mali,1.51,0.43,0.00006,1.94006,38.2
Mauritania,1.43,0.33,0.000022,1.760022,32.2
Mauritius,1.05,0,0.000001,1.050001,37.5
Mozambique,2.94,0,0.000043,2.940043,33.8
Niger,2.53,0.15,0.000032,2.680032,37.2
Nigeria,0,0,0.000002,0.000002,42.0
Rwanda,1.75,0.6,0.000031,2.350031,50.3
Senegal,2.08,0.09,0.000024,2.170024,40.5
Sierra Leone,1.31,0.59,0.000021,1.900021,44.1
South Africa,2.28,0,0.000001,2.280001,61.5
Swaziland,2.58,0,0.000008,2.580008,48.5
Uganda,1.73,0,0.00003,1.73003,33.7
Tanzania,2.07,0.29,0.000033,2.360033,39.1
Zambia,1.2,0,0.000039,1.200039,48.0